Datetime,Water Level (m)
2025-05-29 06:00:00,1.7056292
2025-05-29 07:00:00,1.5349083
2025-05-29 08:00:00,1.1217651
2025-05-29 09:00:00,0.63794804
2025-05-29 10:00:00,0.16988613
2025-05-29 11:00:00,-0.21651272
2025-05-29 12:00:00,-0.4866813
2025-05-29 13:00:00,-0.50595003
2025-05-29 14:00:00,-0.0930321
2025-05-29 15:00:00,0.4315534
2025-05-29 16:00:00,0.8882461
2025-05-29 17:00:00,1.1694643
2025-05-29 18:00:00,1.2129536
2025-05-29 19:00:00,1.0218629
2025-05-29 20:00:00,0.67252487
2025-05-29 21:00:00,0.24591765
2025-05-29 22:00:00,-0.16366415
2025-05-29 23:00:00,-0.50314605
2025-05-30 00:00:00,-0.685931
2025-05-30 01:00:00,-0.60589075
2025-05-30 02:00:00,-0.20708966
2025-05-30 03:00:00,0.28821766
2025-05-30 04:00:00,0.82514477
2025-05-30 05:00:00,1.3062116
2025-05-30 06:00:00,1.5683783
2025-05-30 07:00:00,1.5361853
2025-05-30 08:00:00,1.2057412
2025-05-30 09:00:00,0.7431312
2025-05-30 10:00:00,0.28282106
2025-05-30 11:00:00,-0.11909923
2025-05-30 12:00:00,-0.44808257
2025-05-30 13:00:00,-0.58154374
2025-05-30 14:00:00,-0.4356729
2025-05-30 15:00:00,-0.04108796
2025-05-30 16:00:00,0.38569215
2025-05-30 17:00:00,0.76411563
2025-05-30 18:00:00,1.0227182
2025-05-30 19:00:00,1.0548804
2025-05-30 20:00:00,0.83494854
2025-05-30 21:00:00,0.491156
2025-05-30 22:00:00,0.11086493
2025-05-30 23:00:00,-0.24983804
2025-05-31 00:00:00,-0.5232797
2025-05-31 01:00:00,-0.63206613
2025-05-31 02:00:00,-0.44985175
2025-05-31 03:00:00,-0.041024107
2025-05-31 04:00:00,0.42896646
2025-05-31 05:00:00,0.89880925
2025-05-31 06:00:00,1.2737352
2025-05-31 07:00:00,1.4396486
2025-05-31 08:00:00,1.3568187
2025-05-31 09:00:00,1.0185192
2025-05-31 10:00:00,0.5941508
2025-05-31 11:00:00,0.1748293
2025-05-31 12:00:00,-0.1932318
2025-05-31 13:00:00,-0.4487794
2025-05-31 14:00:00,-0.5098129
2025-05-31 15:00:00,-0.30310968
2025-05-31 16:00:00,0.06828815
2025-05-31 17:00:00,0.43403667
2025-05-31 18:00:00,0.7491817
2025-05-31 19:00:00,0.9252285
2025-05-31 20:00:00,0.89476407
2025-05-31 21:00:00,0.6830854
2025-05-31 22:00:00,0.38700897
2025-05-31 23:00:00,0.043437406
2025-06-01 00:00:00,-0.2668038
2025-06-01 01:00:00,-0.47907412
2025-06-01 02:00:00,-0.5126439
2025-06-01 03:00:00,-0.29282433
2025-06-01 04:00:00,0.08462771
2025-06-01 05:00:00,0.5003482
2025-06-01 06:00:00,0.8955966
2025-06-01 07:00:00,1.1752175
2025-06-01 08:00:00,1.2527224
2025-06-01 09:00:00,1.1028593
2025-06-01 10:00:00,0.788515
2025-06-01 11:00:00,0.4269553
2025-06-01 12:00:00,0.07322655
2025-06-01 13:00:00,-0.23029622
2025-06-01 14:00:00,-0.4386046
2025-06-01 15:00:00,-0.46874672
2025-06-01 16:00:00,-0.27924165
2025-06-01 17:00:00,0.05276598
2025-06-01 18:00:00,0.39849964
2025-06-01 19:00:00,0.69318366
2025-06-01 20:00:00,0.8509968
2025-06-01 21:00:00,0.82487255
2025-06-01 22:00:00,0.63460714
2025-06-01 23:00:00,0.37991697
2025-06-02 00:00:00,0.11392903
2025-06-02 01:00:00,-0.13203782
2025-06-02 02:00:00,-0.27527168
2025-06-02 03:00:00,-0.26634383
2025-06-02 04:00:00,-0.04807485
2025-06-02 05:00:00,0.26854545
2025-06-02 06:00:00,0.6102028
2025-06-02 07:00:00,0.9251683
2025-06-02 08:00:00,1.1142446
2025-06-02 09:00:00,1.1258107
2025-06-02 10:00:00,0.95536643
2025-06-02 11:00:00,0.6848498
2025-06-02 12:00:00,0.36984965
2025-06-02 13:00:00,0.06747688
2025-06-02 14:00:00,-0.18433028
2025-06-02 15:00:00,-0.3392507
2025-06-02 16:00:00,-0.33917236
2025-06-02 17:00:00,-0.14068733
2025-06-02 18:00:00,0.14635178
2025-06-02 19:00:00,0.4382449
2025-06-02 20:00:00,0.67835164
2025-06-02 21:00:00,0.78215307
2025-06-02 22:00:00,0.751157
2025-06-02 23:00:00,0.61020154
2025-06-03 00:00:00,0.39924896
2025-06-03 01:00:00,0.16745941
2025-06-03 02:00:00,-0.050892882
2025-06-03 03:00:00,-0.208011
2025-06-03 04:00:00,-0.23053549
2025-06-03 05:00:00,-0.060140144
2025-06-03 06:00:00,0.21663006
2025-06-03 07:00:00,0.5161047
2025-06-03 08:00:00,0.7830974
2025-06-03 09:00:00,0.9401963
2025-06-03 10:00:00,0.9421762
2025-06-03 11:00:00,0.8015757
2025-06-03 12:00:00,0.58751315
2025-06-03 13:00:00,0.31493685
2025-06-03 14:00:00,0.032596406
2025-06-03 15:00:00,-0.20820676
2025-06-03 16:00:00,-0.35654932
2025-06-03 17:00:00,-0.36131987
2025-06-03 18:00:00,-0.19748929
2025-06-03 19:00:00,0.06265638
2025-06-03 20:00:00,0.33691007
2025-06-03 21:00:00,0.5671577
2025-06-03 22:00:00,0.7088261
2025-06-03 23:00:00,0.72009414
2025-06-04 00:00:00,0.6015487
2025-06-04 01:00:00,0.40639868
2025-06-04 02:00:00,0.19311659
2025-06-04 03:00:00,-0.0065330365
2025-06-04 04:00:00,-0.13864876
2025-06-04 05:00:00,-0.15275055
2025-06-04 06:00:00,-0.023792041
